"key","message","comment","context"
"Access Credentials",,,
"Access Right",,,
"Access Rights",,,
"Access rights",,,
"Activate On",,,
"Address",,,
"Admin",,,
"Administration",,,
"All Apartments",,,
"All Residents",,,
"All address",,,
"Apartment",,,
"Apartment Number",,,
"Apartments",,,
"Blocked",,,
"Builder",,,
"Building",,,
"Building Name",,,
"Card Number",,,
"Change password?",,,
"Choice",,,
"Confirm Password",,,
"Confirm new password",,,
"Confirm new password of the user (must be identical to the new password)",,,
"Confirm password",,,
"Courier",,,
"Current password",,,
"Current password of the user",,,
"Custom Access",,,
"Debt Status",,,
"Device",,,
"Device Type",,,
"Devices",,,
"Email",,,
"Employee",,,
"Empty Access",,,
"Entrance",,,
"Entrance Number",,,
"Entrance number",,,
"Entrances",,,
"Expires On",,,
"FirmWare",,,
"Full Access",,,
"Full Name",,,
"Full Name is required",,,
"Geo result",,,
"Guest",,,
"Host",,,
"House number",,,
"IP Address",,,
"Ip address",,,
"Is Active",,,
"Last Update Date",,,
"Last password update date",,,
"Latitude",,,
"Load Detailed Information",,,
"Localization",,,
"Login",,,
"Longitude",,,
"Main Information",,,
"Management RC",,,
"Map",,,
"Model",,,
"My Profile",,,
"Name",,,
"Name of the RC",,,
"New Password",,,
"New password",,,
"New password of the user",,,
"Number",,,
"Number Apartment",,,
"Number of debtors",,,
"Old Password",,,
"Partner",,,
"Partner Type",,,
"Password",,,
"Password Management",,,
"Permission Name",,,
"Permission Type",,,
"Phone",,,
"Pin Code",,,
"Pin Code is required",,,
"Port",,,
"Protocol",,,
"Resident",,,
"Residents",,,
"Road",,,
"Role",,,
"Role name",,,
"Save",,,
"Security",,,
"Select Apartment",,,
"Select Device",,,
"Select Entrance",,,
"Select Permission",,,
"Serial Number",,,
"Service",,,
"Status",,,
"Status and Access",,,
"Synchronization Details",,,
"Time Zone",,,
"Total amount of debt",,,
"Type",,,
"User",,,
"User name",,,
"User preferences",,,
"Users",,,
"Users list",,,
"Uuid",,,
"Valid Form",,,
"Valid Until",,,
"View map",,,
"Your password",,,
"active",,,
"barrier",,,
"confirm new password",,,
"confirm password",,,
"current password",,,
"door",,,
"expired",,,
"gate",,,
"inactive",,,
"intercom",,,
"lift",,,
"new password",,,
"number of apartments",,,
"parking",,,
"turnstile",,,
"user.password.pattern-title",,,
"your password",,,
